"SKU","Name","Published","Is featured?","Visibility in catalog","Short description","Tax status","In stock?","Regular price","Categories","Meta: _pret_volum","Meta: _prag_volum","Meta: _unitate_pret","Meta: _moneda","Meta: _pret_container","Meta: _capacitate_kwh","Meta: _sursa_catalog","Meta: _perioada_eticheta","Meta: _valabil_de","Meta: _valabil_pana","Attribute 1 name","Attribute 1 value(s)","Attribute 1 visible","Attribute 1 global","Attribute 2 name","Attribute 2 value(s)","Attribute 2 visible","Attribute 2 global","Attribute 3 name","Attribute 3 value(s)","Attribute 3 visible","Attribute 3 global","Attribute 4 name","Attribute 4 value(s)","Attribute 4 visible","Attribute 4 global","Attribute 5 name","Attribute 5 value(s)","Attribute 5 visible","Attribute 5 global","Attribute 6 name","Attribute 6 value(s)","Attribute 6 visible","Attribute 6 global"
"CS6.2-48TD-460","Canadian Solar CS6.2-48TD-460, N-Type TOPCon","1","1","visible","","taxable","1","65","Panouri Fotovoltaice","64","4 paleți","panou","EUR","la cerere","","Catalog Solar One 09.2026","Septembrie 2026","01.09.2026","30.09.2026","Brand","Canadian Solar","1","1","Disponibilitate","În stoc","1","1","Putere (Wp)","460","1","1","Tehnologie celulă","N-Type TOPCon","1","1","Tip panou","Monofacial","1","1","","","",""
"CS6.2-54TM-505","Canadian Solar CS6.2-54TM-505, N-type TOPCon","1","0","visible","","taxable","1","75","Panouri Fotovoltaice","73","4 paleți","panou","EUR","la cerere","","Catalog Solar One 09.2026","Septembrie 2026","01.09.2026","30.09.2026","Brand","Canadian Solar","1","1","Disponibilitate","În stoc","1","1","Putere (Wp)","505","1","1","Tehnologie celulă","N-Type TOPCon","1","1","Tip panou","Monofacial","1","1","","","",""
"CS6.2-54TB-510","Canadian Solar CS6.2-54TB-510, N-type TOPCon BIFACIAL","1","0","visible","","taxable","1","76","Panouri Fotovoltaice","74","4 paleți","panou","EUR","la cerere","","Catalog Solar One 09.2026","Septembrie 2026","01.09.2026","30.09.2026","Brand","Canadian Solar","1","1","Disponibilitate","În stoc","1","1","Putere (Wp)","510","1","1","Tehnologie celulă","N-Type TOPCon","1","1","Tip panou","Bifacial","1","1","","","",""
"CS6W-585TB-AG","Canadian Solar CS6W-585TB-AG, N-type TOPCon BIFACIAL","1","0","visible","","taxable","1","85","Panouri Fotovoltaice","84","4 paleți","panou","EUR","la cerere","","Catalog Solar One 09.2026","Septembrie 2026","01.09.2026","30.09.2026","Brand","Canadian Solar","1","1","Disponibilitate","În stoc","1","1","Putere (Wp)","585","1","1","Tehnologie celulă","N-Type TOPCon","1","1","Tip panou","Bifacial","1","1","","","",""
"CS6.2-66TB-615W","Canadian Solar CS6.2-66TB-615W, N-type TOPCon BIFACIAL","1","0","visible","","taxable","1","82","Panouri Fotovoltaice","80","4 paleți","panou","EUR","la cerere","","Catalog Solar One 09.2026","Septembrie 2026","01.09.2026","30.09.2026","Brand","Canadian Solar","1","1","Disponibilitate","În stoc","1","1","Putere (Wp)","615","1","1","Tehnologie celulă","N-Type TOPCon","1","1","Tip panou","Bifacial","1","1","","","",""
"CS6.2-66TB-620W","Canadian Solar CS6.2-66TB-620W, N-type TOPCon BIFACIAL","1","0","visible","","taxable","1","87","Panouri Fotovoltaice","86","4 paleți","panou","EUR","la cerere","","Catalog Solar One 09.2026","Septembrie 2026","01.09.2026","30.09.2026","Brand","Canadian Solar","1","1","Disponibilitate","În stoc","1","1","Putere (Wp)","620","1","1","Tehnologie celulă","N-Type TOPCon","1","1","Tip panou","Bifacial","1","1","","","",""
"CS6.2-66TM-625W","Canadian Solar CS6.2-66TM-625W, N-type TOPCon","1","0","visible","","taxable","1","84","Panouri Fotovoltaice","82","4 paleți","panou","EUR","la cerere","","Catalog Solar One 09.2026","Septembrie 2026","01.09.2026","30.09.2026","Brand","Canadian Solar","1","1","Disponibilitate","În stoc","1","1","Putere (Wp)","625","1","1","Tehnologie celulă","N-Type TOPCon","1","1","Tip panou","Monofacial","1","1","","","",""
"CS7N-710TB-AG","Canadian Solar CS7N-710TB-AG, N-TYPE TOPCon BIFACIAL","1","0","visible","","taxable","1","99","Panouri Fotovoltaice","98","4 paleți","panou","EUR","la cerere","","Catalog Solar One 09.2026","Septembrie 2026","01.09.2026","30.09.2026","Brand","Canadian Solar","1","1","Disponibilitate","În stoc","1","1","Putere (Wp)","710","1","1","Tehnologie celulă","N-Type TOPCon","1","1","Tip panou","Bifacial","1","1","","","",""
"CS7N-715TB-AG","Canadian Solar CS7N-715TB-AG, N-TYPE TOPCon BIFACIAL","1","0","visible","","taxable","1","103","Panouri Fotovoltaice","102","4 paleți","panou","EUR","la cerere","","Catalog Solar One 09.2026","Septembrie 2026","01.09.2026","30.09.2026","Brand","Canadian Solar","1","1","Disponibilitate","În stoc","1","1","Putere (Wp)","715","1","1","Tehnologie celulă","N-Type TOPCon","1","1","Tip panou","Bifacial","1","1","","","",""
"AIKO-A450-MAH54Mw","Aiko Solar Neostar 2P AIKO-A450-MAH54Mw","1","0","visible","","taxable","1","65","Panouri Fotovoltaice","64","4 paleți","panou","EUR","la cerere","","Catalog Solar One 09.2026","Septembrie 2026","01.09.2026","30.09.2026","Brand","Aiko Solar","1","1","Disponibilitate","În stoc","1","1","Putere (Wp)","450","1","1","Tip panou","Monofacial","1","1","","","","","","","",""
"AIKO-A455-MAH54Mw","Aiko Solar Neostar 2N AIKO-A455-MAH54Mw","1","0","visible","","taxable","1","65","Panouri Fotovoltaice","64","4 paleți","panou","EUR","la cerere","","Catalog Solar One 09.2026","Septembrie 2026","01.09.2026","30.09.2026","Brand","Aiko Solar","1","1","Disponibilitate","În stoc","1","1","Putere (Wp)","455","1","1","Tip panou","Monofacial","1","1","","","","","","","",""
"AIKO-A465-MAH54Mw","Aiko Solar Neostar 2P AIKO-A465-MAH54Mw","1","0","visible","","taxable","1","66","Panouri Fotovoltaice","64","4 paleți","panou","EUR","la cerere","","Catalog Solar One 09.2026","Septembrie 2026","01.09.2026","30.09.2026","Brand","Aiko Solar","1","1","Disponibilitate","În stoc","1","1","Putere (Wp)","465","1","1","Tip panou","Monofacial","1","1","","","","","","","",""
"AIKO-A-470-MAH54Dw","Aiko Solar Neostar 2P+ AIKO-A-470-MAH54Dw","1","0","visible","","taxable","1","70","Panouri Fotovoltaice","69","4 paleți","panou","EUR","la cerere","","Catalog Solar One 09.2026","Septembrie 2026","01.09.2026","30.09.2026","Brand","Aiko Solar","1","1","Disponibilitate","În stoc","1","1","Putere (Wp)","470","1","1","Tip panou","Monofacial","1","1","","","","","","","",""
"AIKO-A470-MCE54Mb","Aiko Solar Neostar 3S54 AIKO-A470-MCE54Mb","1","0","visible","","taxable","1","75","Panouri Fotovoltaice","74","4 paleți","panou","EUR","la cerere","","Catalog Solar One 09.2026","Septembrie 2026","01.09.2026","30.09.2026","Brand","Aiko Solar","1","1","Disponibilitate","În stoc","1","1","Putere (Wp)","470","1","1","Tip panou","Monofacial","1","1","","","","","","","",""
"AIKO-A475-MAH54Dw","Aiko Solar Neostar 2P+ AIKO-A475-MAH54Dw","1","0","visible","","taxable","1","71","Panouri Fotovoltaice","70","4 paleți","panou","EUR","la cerere","","Catalog Solar One 09.2026","Septembrie 2026","01.09.2026","30.09.2026","Brand","Aiko Solar","1","1","Disponibilitate","În stoc","1","1","Putere (Wp)","475","1","1","Tip panou","Monofacial","1","1","","","","","","","",""
"AIKO-A480-MAH54Mw","Aiko Solar Neostar 2P AIKO-A480-MAH54Mw","1","0","visible","","taxable","1","72","Panouri Fotovoltaice","71","4 paleți","panou","EUR","la cerere","","Catalog Solar One 09.2026","Septembrie 2026","01.09.2026","30.09.2026","Brand","Aiko Solar","1","1","Disponibilitate","În stoc","1","1","Putere (Wp)","480","1","1","Tip panou","Monofacial","1","1","","","","","","","",""
"AIKO-A545-MCE60Dw","Aiko Solar Neostar 3P+60 AIKO-A545-MCE60Dw, BIFACIAL","1","0","visible","","taxable","1","81","Panouri Fotovoltaice","80","4 paleți","panou","EUR","la cerere","","Catalog Solar One 09.2026","Septembrie 2026","01.09.2026","30.09.2026","Brand","Aiko Solar","1","1","Disponibilitate","În stoc","1","1","Putere (Wp)","545","1","1","Tip panou","Bifacial","1","1","","","","","","","",""
"AIKO-A615-MAH72Mw","Aiko Solar Comet 1N AIKO-A615-MAH72Mw","1","0","visible","","taxable","1","88","Panouri Fotovoltaice","87","4 paleți","panou","EUR","la cerere","","Catalog Solar One 09.2026","Septembrie 2026","01.09.2026","30.09.2026","Brand","Aiko Solar","1","1","Disponibilitate","În stoc","1","1","Putere (Wp)","615","1","1","Tip panou","Monofacial","1","1","","","","","","","",""
"AIKO-G650-MCH72Dw","Aiko Solar Polaris 1N+ AIKO-G650-MCH72Dw, BIFACIAL","1","0","visible","","taxable","1","93","Panouri Fotovoltaice","92","4 paleți","panou","EUR","la cerere","","Catalog Solar One 09.2026","Septembrie 2026","01.09.2026","30.09.2026","Brand","Aiko Solar","1","1","Disponibilitate","În stoc","1","1","Putere (Wp)","650","1","1","Tip panou","Bifacial","1","1","","","","","","","",""
"AIKO-A650-GRH66Dw","Aiko Solar Stellar 1P+66 AIKO-A650-GRH66Dw, BIFACIAL","1","0","visible","","taxable","1","93","Panouri Fotovoltaice","92","4 paleți","panou","EUR","la cerere","","Catalog Solar One 09.2026","Septembrie 2026","01.09.2026","30.09.2026","Brand","Aiko Solar","1","1","Disponibilitate","În stoc","1","1","Putere (Wp)","650","1","1","Tip panou","Bifacial","1","1","","","","","","","",""
"AIKO-A660-MDE72Dw","Aiko Solar Stellar 3N+72 AIKO-A660-MDE72Dw, BIFACIAL","1","0","visible","","taxable","1","94","Panouri Fotovoltaice","93","4 paleți","panou","EUR","la cerere","","Catalog Solar One 09.2026","Septembrie 2026","01.09.2026","30.09.2026","Brand","Aiko Solar","1","1","Disponibilitate","În stoc","1","1","Putere (Wp)","660","1","1","Tip panou","Bifacial","1","1","","","","","","","",""
"AIKO-A665-MDE72Dw","Aiko Solar Stellar 3N+72 AIKO-A665-MDE72Dw, BIFACIAL","1","0","visible","","taxable","1","96","Panouri Fotovoltaice","95","4 paleți","panou","EUR","la cerere","","Catalog Solar One 09.2026","Septembrie 2026","01.09.2026","30.09.2026","Brand","Aiko Solar","1","1","Disponibilitate","În stoc","1","1","Putere (Wp)","665","1","1","Tip panou","Bifacial","1","1","","","","","","","",""
"AIKO-A770-GRH78Dw","Aiko Solar Stellar 2N+78 AIKO-A770-GRH78Dw, BIFACIAL","1","0","visible","","taxable","1","119","Panouri Fotovoltaice","117","4 paleți","panou","EUR","la cerere","","Catalog Solar One 09.2026","Septembrie 2026","01.09.2026","30.09.2026","Brand","Aiko Solar","1","1","Disponibilitate","În stoc","1","1","Putere (Wp)","770","1","1","Tip panou","Bifacial","1","1","","","","","","","",""
"JKM425N-54HL4-V","Jinko Solar JKM425N-54HL4-V, Tiger Neo","1","0","visible","","taxable","1","57","Panouri Fotovoltaice","56","4 paleți","panou","EUR","la cerere","","Catalog Solar One 09.2026","Septembrie 2026","01.09.2026","30.09.2026","Brand","Jinko Solar","1","1","Disponibilitate","În stoc","1","1","Putere (Wp)","425","1","1","Tehnologie celulă","N-Type TOPCon","1","1","Tip panou","Monofacial","1","1","","","",""
"JMK475N-48QL6-DV","Jinko Solar JMK475N-48QL6-DV, Tiger Neo III","1","0","visible","","taxable","1","69","Panouri Fotovoltaice","68","4 paleți","panou","EUR","la cerere","","Catalog Solar One 09.2026","Septembrie 2026","01.09.2026","30.09.2026","Brand","Jinko Solar","1","1","Disponibilitate","În stoc","1","1","Putere (Wp)","475","1","1","Tehnologie celulă","N-Type TOPCon","1","1","Tip panou","Monofacial","1","1","","","",""
"JKM620N-66HL4M-BDV","Jinko Solar JKM620N-66HL4M-BDV, Tiger Neo III, BIFACIAL","1","0","visible","","taxable","1","82","Panouri Fotovoltaice","80","4 paleți","panou","EUR","la cerere","","Catalog Solar One 09.2026","Septembrie 2026","01.09.2026","30.09.2026","Brand","Jinko Solar","1","1","Disponibilitate","În stoc","1","1","Putere (Wp)","620","1","1","Tehnologie celulă","N-Type TOPCon","1","1","Tip panou","Bifacial","1","1","","","",""
"TW410MAP-M10-108-H","TW410MAP-M10-108-H","1","0","visible","","taxable","1","54","Panouri Fotovoltaice","53","4 paleți","panou","EUR","la cerere","","Catalog Solar One 09.2026","Septembrie 2026","01.09.2026","30.09.2026","Brand","Tongwei Solar","1","1","Disponibilitate","În stoc","1","1","Putere (Wp)","410","1","1","Tip panou","Monofacial","1","1","","","","","","","",""
"UL-590M-144ADGN","UL-590M-144ADGN, N-Type TOPCon BIFACIAL","1","0","visible","","taxable","1","75","Panouri Fotovoltaice","74","4 paleți","panou","EUR","la cerere","","Catalog Solar One 09.2026","Septembrie 2026","01.09.2026","30.09.2026","Brand","Ulica Solar","1","1","Disponibilitate","În stoc","1","1","Putere (Wp)","590","1","1","Tehnologie celulă","N-Type TOPCon","1","1","Tip panou","Bifacial","1","1","","","",""
"SUN-3.6K-SG03LP1-EU","SUN-3.6K-SG03LP1-EU","1","0","visible","","taxable","1","620","Invertoare > Hibride Monofazate","599","12 buc","buc","EUR","","","Catalog Solar One 09.2026","Septembrie 2026","01.09.2026","30.09.2026","Brand","Deye","1","1","Disponibilitate","În stoc","1","1","Putere (kW)","3.6","1","1","Faze","Monofazat","1","1","Tip invertor","Hibrid","1","1","Tensiune baterie","Low Voltage","1","1"
"SUN-5K-SG03LP1-EU","SUN-5K-SG03LP1-EU","1","0","visible","","taxable","1","620","Invertoare > Hibride Monofazate","599","12 buc","buc","EUR","","","Catalog Solar One 09.2026","Septembrie 2026","01.09.2026","30.09.2026","Brand","Deye","1","1","Disponibilitate","În stoc","1","1","Putere (kW)","5","1","1","Faze","Monofazat","1","1","Tip invertor","Hibrid","1","1","Tensiune baterie","Low Voltage","1","1"
"SUN-6K-SG05LP1-EU-AM2-P","SUN-6K-SG05LP1-EU-AM2-P","1","0","visible","","taxable","1","640","Invertoare > Hibride Monofazate","619","12 buc","buc","EUR","","","Catalog Solar One 09.2026","Septembrie 2026","01.09.2026","30.09.2026","Brand","Deye","1","1","Disponibilitate","În stoc","1","1","Putere (kW)","6","1","1","Faze","Monofazat","1","1","Tip invertor","Hibrid","1","1","Tensiune baterie","Low Voltage","1","1"
"SUN-8K-SG05LP1-EU-AM2","SUN-8K-SG05LP1-EU-AM2","1","0","visible","","taxable","1","899","Invertoare > Hibride Monofazate","856","12 buc","buc","EUR","","","Catalog Solar One 09.2026","Septembrie 2026","01.09.2026","30.09.2026","Brand","Deye","1","1","Disponibilitate","În stoc","1","1","Putere (kW)","8","1","1","Faze","Monofazat","1","1","Tip invertor","Hibrid","1","1","Tensiune baterie","Low Voltage","1","1"
"SUN-10K-SG02LP1-AM3","SUN-10K-SG02LP1-AM3","1","0","visible","","taxable","1","1280","Invertoare > Hibride Monofazate","1260","12 buc","buc","EUR","","","Catalog Solar One 09.2026","Septembrie 2026","01.09.2026","30.09.2026","Brand","Deye","1","1","Disponibilitate","În stoc","1","1","Putere (kW)","10","1","1","Faze","Monofazat","1","1","Tip invertor","Hibrid","1","1","Tensiune baterie","Low Voltage","1","1"
"SUN-12K-SG02LP1-AM3","SUN-12K-SG02LP1-AM3","1","0","visible","","taxable","1","1330","Invertoare > Hibride Monofazate","1320","12 buc","buc","EUR","","","Catalog Solar One 09.2026","Septembrie 2026","01.09.2026","30.09.2026","Brand","Deye","1","1","Disponibilitate","În stoc","1","1","Putere (kW)","12","1","1","Faze","Monofazat","1","1","Tip invertor","Hibrid","1","1","Tensiune baterie","Low Voltage","1","1"
"SUN-16K-SG01LP1-EU-AM3-P","SUN-16K-SG01LP1-EU-AM3-P","1","0","visible","","taxable","1","1680","Invertoare > Hibride Monofazate","1557","12 buc","buc","EUR","","","Catalog Solar One 09.2026","Septembrie 2026","01.09.2026","30.09.2026","Brand","Deye","1","1","Disponibilitate","În stoc","1","1","Putere (kW)","16","1","1","Faze","Monofazat","1","1","Tip invertor","Hibrid","1","1","Tensiune baterie","Low Voltage","1","1"
"SUN-5K-SG04LP3-EU","SUN-5K-SG04LP3-EU","1","0","visible","","taxable","1","1181","Invertoare > Hibride Trifazate","1171","12 buc","buc","EUR","","","Catalog Solar One 09.2026","Septembrie 2026","01.09.2026","30.09.2026","Brand","Deye","1","1","Disponibilitate","În stoc","1","1","Putere (kW)","5","1","1","Faze","Trifazat","1","1","Tip invertor","Hibrid","1","1","Tensiune baterie","Low Voltage","1","1"
"SUN-6K-SG05LP3-EU-SM2","SUN-6K-SG05LP3-EU-SM2","1","0","visible","","taxable","1","1232","Invertoare > Hibride Trifazate","1222","12 buc","buc","EUR","","","Catalog Solar One 09.2026","Septembrie 2026","01.09.2026","30.09.2026","Brand","Deye","1","1","Disponibilitate","În stoc","1","1","Putere (kW)","6","1","1","Faze","Trifazat","1","1","Tip invertor","Hibrid","1","1","Tensiune baterie","Low Voltage","1","1"
"SUN-8K-SG05LP3-EU-SM2","SUN-8K-SG05LP3-EU-SM2","1","0","visible","","taxable","1","1240","Invertoare > Hibride Trifazate","1230","12 buc","buc","EUR","","","Catalog Solar One 09.2026","Septembrie 2026","01.09.2026","30.09.2026","Brand","Deye","1","1","Disponibilitate","În stoc","1","1","Putere (kW)","8","1","1","Faze","Trifazat","1","1","Tip invertor","Hibrid","1","1","Tensiune baterie","Low Voltage","1","1"
"SUN-10K-SG05LP3-EU-SM2","SUN-10K-SG05LP3-EU-SM2","1","0","visible","","taxable","1","1299","Invertoare > Hibride Trifazate","1277","12 buc","buc","EUR","","","Catalog Solar One 09.2026","Septembrie 2026","01.09.2026","30.09.2026","Brand","Deye","1","1","Disponibilitate","În stoc","1","1","Putere (kW)","10","1","1","Faze","Trifazat","1","1","Tip invertor","Hibrid","1","1","Tensiune baterie","Low Voltage","1","1"
"SUN-12K-SG05LP3-EU-SM2","SUN-12K-SG05LP3-EU-SM2","1","0","visible","","taxable","1","1330","Invertoare > Hibride Trifazate","1310","12 buc","buc","EUR","","","Catalog Solar One 09.2026","Septembrie 2026","01.09.2026","30.09.2026","Brand","Deye","1","1","Disponibilitate","În stoc","1","1","Putere (kW)","12","1","1","Faze","Trifazat","1","1","Tip invertor","Hibrid","1","1","Tensiune baterie","Low Voltage","1","1"
"SUN-15K-SG05LP3-EU-SM2","SUN-15K-SG05LP3-EU-SM2","1","0","visible","","taxable","1","1549","Invertoare > Hibride Trifazate","1509","12 buc","buc","EUR","","","Catalog Solar One 09.2026","Septembrie 2026","01.09.2026","30.09.2026","Brand","Deye","1","1","Disponibilitate","În stoc","1","1","Putere (kW)","15","1","1","Faze","Trifazat","1","1","Tip invertor","Hibrid","1","1","Tensiune baterie","Low Voltage","1","1"
"SUN-20K-SG05LP3-EU-SM2","SUN-20K-SG05LP3-EU-SM2","1","0","visible","","taxable","1","2040","Invertoare > Hibride Trifazate","1990","12 buc","buc","EUR","","","Catalog Solar One 09.2026","Septembrie 2026","01.09.2026","30.09.2026","Brand","Deye","1","1","Disponibilitate","În stoc","1","1","Putere (kW)","20","1","1","Faze","Trifazat","1","1","Tip invertor","Hibrid","1","1","Tensiune baterie","Low Voltage","1","1"
"SUN-10K-SG01HP3-EU-AM2","SUN-10K-SG01HP3-EU-AM2","1","0","visible","","taxable","1","1212","Invertoare > Hibride Trifazate","1190","12 buc","buc","EUR","","","Catalog Solar One 09.2026","Septembrie 2026","01.09.2026","30.09.2026","Brand","Deye","1","1","Disponibilitate","În stoc","1","1","Putere (kW)","10","1","1","Faze","Trifazat","1","1","Tip invertor","Hibrid","1","1","Tensiune baterie","High Voltage","1","1"
"SUN-15K-SG01HP3-EU-AM2","SUN-15K-SG01HP3-EU-AM2","1","0","visible","","taxable","1","1291","Invertoare > Hibride Trifazate","1250","12 buc","buc","EUR","","","Catalog Solar One 09.2026","Septembrie 2026","01.09.2026","30.09.2026","Brand","Deye","1","1","Disponibilitate","În stoc","1","1","Putere (kW)","15","1","1","Faze","Trifazat","1","1","Tip invertor","Hibrid","1","1","Tensiune baterie","High Voltage","1","1"
"SUN-20K-SG01HP3-EU-AM2","SUN-20K-SG01HP3-EU-AM2","1","0","visible","","taxable","1","1550","Invertoare > Hibride Trifazate","1540","12 buc","buc","EUR","","","Catalog Solar One 09.2026","Septembrie 2026","01.09.2026","30.09.2026","Brand","Deye","1","1","Disponibilitate","În stoc","1","1","Putere (kW)","20","1","1","Faze","Trifazat","1","1","Tip invertor","Hibrid","1","1","Tensiune baterie","High Voltage","1","1"
"SUN-25K-SG01HP3-EU-AM2","SUN-25K-SG01HP3-EU-AM2","1","0","visible","","taxable","1","1559","Invertoare > Hibride Trifazate","1549","12 buc","buc","EUR","","","Catalog Solar One 09.2026","Septembrie 2026","01.09.2026","30.09.2026","Brand","Deye","1","1","Disponibilitate","În stoc","1","1","Putere (kW)","25","1","1","Faze","Trifazat","1","1","Tip invertor","Hibrid","1","1","Tensiune baterie","High Voltage","1","1"
"SUN-30K-SG02HP3-EU-AM3","SUN-30K-SG02HP3-EU-AM3","1","0","visible","","taxable","1","2250","Invertoare > Hibride Trifazate","2199","12 buc","buc","EUR","","","Catalog Solar One 09.2026","Septembrie 2026","01.09.2026","30.09.2026","Brand","Deye","1","1","Disponibilitate","În stoc","1","1","Putere (kW)","30","1","1","Faze","Trifazat","1","1","Tip invertor","Hibrid","1","1","Tensiune baterie","High Voltage","1","1"
"SUN-50K-SG01HP3-EU-BM4","SUN-50K-SG01HP3-EU-BM4","1","0","visible","","taxable","1","3350","Invertoare > Hibride Trifazate","3300","12 buc","buc","EUR","","","Catalog Solar One 09.2026","Septembrie 2026","01.09.2026","30.09.2026","Brand","Deye","1","1","Disponibilitate","În stoc","1","1","Putere (kW)","50","1","1","Faze","Trifazat","1","1","Tip invertor","Hibrid","1","1","Tensiune baterie","High Voltage","1","1"
"SUN-80K-SG02HP3-EU","SUN-80K-SG02HP3-EU","1","0","visible","","taxable","1","4750","Invertoare > Hibride Trifazate","4700","12 buc","buc","EUR","","","Catalog Solar One 09.2026","Septembrie 2026","01.09.2026","30.09.2026","Brand","Deye","1","1","Disponibilitate","În stoc","1","1","Putere (kW)","80","1","1","Faze","Trifazat","1","1","Tip invertor","Hibrid","1","1","Tensiune baterie","High Voltage","1","1"
"SUN-125K-SG02HP3-EU-GM10","SUN-125K-SG02HP3-EU-GM10","1","0","visible","","taxable","1","6750","Invertoare > Hibride Trifazate","","","buc","EUR","","","Catalog Solar One 09.2026","Septembrie 2026","01.09.2026","30.09.2026","Brand","Deye","1","1","Disponibilitate","În stoc","1","1","Putere (kW)","125","1","1","Faze","Trifazat","1","1","Tip invertor","Hibrid","1","1","Tensiune baterie","High Voltage","1","1"
"SUN-50K-G03","SUN-50K-G03","1","0","visible","","taxable","1","1780","Invertoare > On-Grid","","","buc","EUR","","","Catalog Solar One 09.2026","Septembrie 2026","01.09.2026","30.09.2026","Brand","Deye","1","1","Disponibilitate","În stoc","1","1","Putere (kW)","50","1","1","Faze","Trifazat","1","1","Tip invertor","On-Grid","1","1","","","",""
"SUN-60K-G03","SUN-60K-G03","1","0","visible","","taxable","1","2380","Invertoare > On-Grid","","","buc","EUR","","","Catalog Solar One 09.2026","Septembrie 2026","01.09.2026","30.09.2026","Brand","Deye","1","1","Disponibilitate","În stoc","1","1","Putere (kW)","60","1","1","Faze","Trifazat","1","1","Tip invertor","On-Grid","1","1","","","",""
"SUN-110K-G03","SUN-110K-G03","1","0","visible","","taxable","1","2900","Invertoare > On-Grid","","","buc","EUR","","","Catalog Solar One 09.2026","Septembrie 2026","01.09.2026","30.09.2026","Brand","Deye","1","1","Disponibilitate","În stoc","1","1","Putere (kW)","110","1","1","Faze","Trifazat","1","1","Tip invertor","On-Grid","1","1","","","",""
"SUN-125K-G01P03-EU-AM8","SUN-125K-G01P03-EU-AM8","1","0","visible","","taxable","1","3500","Invertoare > On-Grid","","","buc","EUR","","","Catalog Solar One 09.2026","Septembrie 2026","01.09.2026","30.09.2026","Brand","Deye","1","1","Disponibilitate","În stoc","1","1","Putere (kW)","125","1","1","Faze","Trifazat","1","1","Tip invertor","On-Grid","1","1","","","",""
"GB-LM4.0","Deye GB-LM4.0, 4 kWh","1","0","visible","","taxable","1","792","Stocare Energie > Acumulatori High-Voltage","772","12 buc","buc","EUR","","4","Catalog Solar One 09.2026","Septembrie 2026","01.09.2026","30.09.2026","Brand","Deye","1","1","Disponibilitate","În stoc","1","1","Tensiune baterie","High Voltage","1","1","Capacitate (kWh)","sub 6 kWh","1","1","","","","","","","",""
"CONTROL-BOX-GB-L-BASE","Control Box GB-L + BASE","1","0","visible","","taxable","1","530","Stocare Energie > Accesorii Stocare","","","buc","EUR","","","Catalog Solar One 09.2026","Septembrie 2026","01.09.2026","30.09.2026","Brand","Deye","1","1","Disponibilitate","În stoc","1","1","Tensiune baterie","High Voltage","1","1","","","","","","","","","","","",""
"DEYE-BOS-G-PRO-5-12-KWH","Deye BOS-G PRO, 5.12 kWh","1","0","visible","","taxable","1","680","Stocare Energie > Acumulatori High-Voltage","670","12 buc","buc","EUR","","5.12","Catalog Solar One 09.2026","Septembrie 2026","01.09.2026","30.09.2026","Brand","Deye","1","1","Disponibilitate","În stoc","1","1","Tensiune baterie","High Voltage","1","1","Capacitate (kWh)","sub 6 kWh","1","1","","","","","","","",""
"BOS-G-PDU-2","Control Box BOS-G-PDU-2","1","0","visible","","taxable","1","680","Stocare Energie > Accesorii Stocare","","","buc","EUR","","","Catalog Solar One 09.2026","Septembrie 2026","01.09.2026","30.09.2026","Brand","Deye","1","1","Disponibilitate","În stoc","1","1","Tensiune baterie","High Voltage","1","1","","","","","","","","","","","",""
"DEYE-BOS-A-7-68-KWH","Deye BOS-A, 7.68 kWh","1","0","visible","","taxable","1","970","Stocare Energie > Acumulatori High-Voltage","950","12 buc","buc","EUR","","7.68","Catalog Solar One 09.2026","Septembrie 2026","01.09.2026","30.09.2026","Brand","Deye","1","1","Disponibilitate","În stoc","1","1","Tensiune baterie","High Voltage","1","1","Capacitate (kWh)","6 - 15 kWh","1","1","","","","","","","",""
"CONTROL-BOX-BOS-A-HVB-750V-160A-EU-HV","Control Box BOS-A HVB 750V/160A-EU - HV","1","0","visible","","taxable","1","950","Stocare Energie > Accesorii Stocare","","","buc","EUR","","","Catalog Solar One 09.2026","Septembrie 2026","01.09.2026","30.09.2026","Brand","Deye","1","1","Disponibilitate","În stoc","1","1","Tensiune baterie","High Voltage","1","1","","","","","","","","","","","",""
"PRO-A3","Deye BOS-B PRO-A3, 16,08 kWh","1","0","visible","","taxable","1","1600","Stocare Energie > Acumulatori High-Voltage","","","buc","EUR","","16.08","Catalog Solar One 09.2026","Septembrie 2026","01.09.2026","30.09.2026","Brand","Deye","1","1","Disponibilitate","În stoc","1","1","Tensiune baterie","High Voltage","1","1","Capacitate (kWh)","15 - 30 kWh","1","1","","","","","","","",""
"BOS-G60","Deye BOS-G60, 61.44 kWh IP20 - STOCARE INDOOR","1","0","visible","","taxable","1","8500","Stocare Energie > Sisteme Stocare Complete","","","buc","EUR","","61.44","Catalog Solar One 09.2026","Septembrie 2026","01.09.2026","30.09.2026","Brand","Deye","1","1","Disponibilitate","În stoc","1","1","Tensiune baterie","High Voltage","1","1","Capacitate (kWh)","30 - 100 kWh","1","1","Protecție IP","IP20","1","1","","","",""
"GE-F60-EU","Deye GE-F60-EU, 61.4 kWh IP65 - STOCARE OUTDOOR","1","0","visible","","taxable","1","13500","Stocare Energie > Sisteme Stocare Complete","","","buc","EUR","","61.4","Catalog Solar One 09.2026","Septembrie 2026","01.09.2026","30.09.2026","Brand","Deye","1","1","Disponibilitate","În stoc","1","1","Tensiune baterie","High Voltage","1","1","Capacitate (kWh)","30 - 100 kWh","1","1","Protecție IP","IP65","1","1","","","",""
"PACHET-STOCARE-DEYE-BOS-A-99-84-KWH","Pachet Stocare Deye BOS-A 99.84 kWh","1","0","visible","","taxable","1","13880","Stocare Energie > Sisteme Stocare Complete","","","buc","EUR","","99.84","Catalog Solar One 09.2026","Septembrie 2026","01.09.2026","30.09.2026","Brand","Deye","1","1","Disponibilitate","În stoc","1","1","Tensiune baterie","High Voltage","1","1","Capacitate (kWh)","30 - 100 kWh","1","1","","","","","","","",""
"PACHET-STOCARE-DEYE-BOS-A-161-98-KWH","Pachet Stocare Deye BOS-A 161.98 kWh","1","0","visible","","taxable","1","22020","Stocare Energie > Sisteme Stocare Complete","","","buc","EUR","","161.98","Catalog Solar One 09.2026","Septembrie 2026","01.09.2026","30.09.2026","Brand","Deye","1","1","Disponibilitate","În stoc","1","1","Tensiune baterie","High Voltage","1","1","Capacitate (kWh)","peste 100 kWh","1","1","","","","","","","",""
"PACHET-STOCARE-DEYE-BOS-B-PRO-128-KWH","Pachet Stocare Deye BOS-B PRO, 128 kWh","1","0","visible","","taxable","1","14300","Stocare Energie > Sisteme Stocare Complete","","","buc","EUR","","128","Catalog Solar One 09.2026","Septembrie 2026","01.09.2026","30.09.2026","Brand","Deye","1","1","Disponibilitate","În stoc","1","1","Tensiune baterie","High Voltage","1","1","Capacitate (kWh)","peste 100 kWh","1","1","","","","","","","",""
"PACHET-STOCARE-DEYE-BOS-B-PRO-241-5-KWH","Pachet Stocare Deye BOS-B PRO, 241.5 kWh","1","0","visible","","taxable","1","24000","Stocare Energie > Sisteme Stocare Complete","","","buc","EUR","","241.5","Catalog Solar One 09.2026","Septembrie 2026","01.09.2026","30.09.2026","Brand","Deye","1","1","Disponibilitate","În stoc","1","1","Tensiune baterie","High Voltage","1","1","Capacitate (kWh)","peste 100 kWh","1","1","","","","","","","",""
"SUN-MPPT-L01-EU-AM8","SUN-MPPT-L01-EU-AM8","1","0","visible","","taxable","1","1500","Echipamente Conversie & Comutare","","","buc","EUR","","","Catalog Solar One 09.2026","Septembrie 2026","01.09.2026","30.09.2026","Brand","Deye","1","1","Disponibilitate","În stoc","1","1","Tensiune baterie","High Voltage","1","1","","","","","","","","","","","",""
"SUN-125K-PCS01HP3","SUN-125K-PCS01HP3","1","0","visible","","taxable","1","3500","Echipamente Conversie & Comutare","","","buc","EUR","","","Catalog Solar One 09.2026","Septembrie 2026","01.09.2026","30.09.2026","Brand","Deye","1","1","Disponibilitate","În stoc","1","1","Tensiune baterie","High Voltage","1","1","","","","","","","","","","","",""
"SUN-STS500L","SUN-STS500L","1","0","visible","","taxable","1","4600","Echipamente Conversie & Comutare","","","buc","EUR","","","Catalog Solar One 09.2026","Septembrie 2026","01.09.2026","30.09.2026","Brand","Deye","1","1","Disponibilitate","În stoc","1","1","Tensiune baterie","High Voltage","1","1","","","","","","","","","","","",""
"GE-F256","Deye GE-F256","1","0","visible","","taxable","1","33500","Stocare Energie > Sisteme Stocare Complete","","","buc","EUR","","","Catalog Solar One 09.2026","Septembrie 2026","01.09.2026","30.09.2026","Brand","Deye","1","1","Disponibilitate","În stoc","1","1","Tensiune baterie","High Voltage","1","1","","","","","","","","","","","",""
"SE-F5","Deye SE-F5 PRO","1","0","visible","","taxable","1","637","Stocare Energie > Acumulatori Low-Voltage","609","12 buc","buc","EUR","","","Catalog Solar One 09.2026","Septembrie 2026","01.09.2026","30.09.2026","Brand","Deye","1","1","Disponibilitate","În stoc","1","1","Tensiune baterie","Low Voltage","1","1","","","","","","","","","","","",""
"SE-G5.1PRO-B","Deye SE-G5.1PRO-B","1","0","visible","","taxable","1","660","Stocare Energie > Acumulatori Low-Voltage","650","12 buc","buc","EUR","","","Catalog Solar One 09.2026","Septembrie 2026","01.09.2026","30.09.2026","Brand","Deye","1","1","Disponibilitate","În stoc","1","1","Tensiune baterie","Low Voltage","1","1","","","","","","","","","","","",""
"SE-F12","Deye SE-F12 C","1","0","visible","","taxable","1","1280","Stocare Energie > Acumulatori Low-Voltage","1260","12 buc","buc","EUR","","","Catalog Solar One 09.2026","Septembrie 2026","01.09.2026","30.09.2026","Brand","Deye","1","1","Disponibilitate","În stoc","1","1","Tensiune baterie","Low Voltage","1","1","","","","","","","","","","","",""
"SE-F16","Deye SE-F16 C","1","1","visible","","taxable","1","1580","Stocare Energie > Acumulatori Low-Voltage","1520","12 buc","buc","EUR","","","Catalog Solar One 09.2026","Septembrie 2026","01.09.2026","30.09.2026","Brand","Deye","1","1","Disponibilitate","În stoc","1","1","Tensiune baterie","Low Voltage","1","1","","","","","","","","","","","",""
"AE-FS2.0-2H2","Deye AE-FS2.0-2H2 – Sistem Micro ESS All-in-One","1","0","visible","","taxable","1","628","Stocare Energie > Micro ESS / Balcon","","","buc","EUR","","","Catalog Solar One 09.2026","Septembrie 2026","01.09.2026","30.09.2026","Brand","Deye","1","1","Disponibilitate","În stoc","1","1","","","","","","","","","","","","","","","",""
"AE-F2.0","Deye AE-F2.0 – Acumulator suplimentar Micro ESS","1","0","visible","","taxable","1","395","Stocare Energie > Micro ESS / Balcon","","","buc","EUR","","","Catalog Solar One 09.2026","Septembrie 2026","01.09.2026","30.09.2026","Brand","Deye","1","1","Disponibilitate","În stoc","1","1","","","","","","","","","","","","","","","",""
"Smart-TX01","DEYE SUN Smart-TX01 Lora","1","0","visible","","taxable","1","55","Stații de Încărcare Auto","","","buc","EUR","","","Catalog Solar One 09.2026","Septembrie 2026","01.09.2026","30.09.2026","Brand","Deye","1","1","Disponibilitate","În stoc","1","1","","","","","","","","","","","","","","","",""
"SUN-EVSE11K01-EU-AC","DEYE SUN-EVSE11K01-EU-AC","1","0","visible","","taxable","1","283","Stații de Încărcare Auto","","","buc","EUR","","","Catalog Solar One 09.2026","Septembrie 2026","01.09.2026","30.09.2026","Brand","Deye","1","1","Disponibilitate","În stoc","1","1","","","","","","","","","","","","","","","",""
"SUN-EVSE22K01-EU-AC","DEYE SUN-EVSE22K01-EU-AC","1","0","visible","","taxable","1","298","Stații de Încărcare Auto","","","buc","EUR","","","Catalog Solar One 09.2026","Septembrie 2026","01.09.2026","30.09.2026","Brand","Deye","1","1","Disponibilitate","În stoc","1","1","","","","","","","","","","","","","","","",""
"SUN-SMART-PLUG","SUN Smart Plug","1","0","visible","","taxable","1","45","Monitorizare & Smart Devices > Dispozitive Smart","","","buc","EUR","","","Catalog Solar One 09.2026","Septembrie 2026","01.09.2026","30.09.2026","Brand","Deye","1","1","Disponibilitate","În stoc","1","1","","","","","","","","","","","","","","","",""
"SUN-SMART-SWITCH","SUN Smart-Switch","1","0","visible","","taxable","1","75","Monitorizare & Smart Devices > Dispozitive Smart","","","buc","EUR","","","Catalog Solar One 09.2026","Septembrie 2026","01.09.2026","30.09.2026","Brand","Deye","1","1","Disponibilitate","În stoc","1","1","","","","","","","","","","","","","","","",""
"DL100B-WiFi","Datalogger DL100B-WiFi","1","0","visible","","taxable","1","36","Monitorizare & Smart Devices > Dispozitive Smart","","","buc","EUR","","","Catalog Solar One 09.2026","Septembrie 2026","01.09.2026","30.09.2026","Brand","Deye","1","1","Disponibilitate","În stoc","1","1","","","","","","","","","","","","","","","",""
"SDM230","EASTRON SDM230, monofazat","1","0","visible","","taxable","1","69","Monitorizare & Smart Devices > Smart Meters","","","buc","EUR","","","Catalog Solar One 09.2026","Septembrie 2026","01.09.2026","30.09.2026","Brand","Eastron","1","1","Disponibilitate","În stoc","1","1","","","","","","","","","","","","","","","",""
"SDM630","EASTRON SDM630, trifazat cu citire directa","1","0","visible","","taxable","1","119","Monitorizare & Smart Devices > Smart Meters","","","buc","EUR","","","Catalog Solar One 09.2026","Septembrie 2026","01.09.2026","30.09.2026","Brand","Eastron","1","1","Disponibilitate","În stoc","1","1","","","","","","","","","","","","","","","",""
"SDM630MCT","EASTRON SDM630MCT, trifazat cu citire prin CT-uri (nu include CT-uri)","1","0","visible","","taxable","1","129","Monitorizare & Smart Devices > Smart Meters","","","buc","EUR","","","Catalog Solar One 09.2026","Septembrie 2026","01.09.2026","30.09.2026","Brand","Eastron","1","1","Disponibilitate","În stoc","1","1","","","","","","","","","","","","","","","",""
"E-BOX-48100R","PYTES E-BOX-48100R, 5.12kWh","1","0","visible","","taxable","1","675","Stocare Energie > Acumulatori Low-Voltage","665","12 buc","buc","EUR","","5.12","Catalog Solar One 09.2026","Septembrie 2026","01.09.2026","30.09.2026","Brand","Pytes","1","1","Disponibilitate","În stoc","1","1","Tensiune baterie","Low Voltage","1","1","Capacitate (kWh)","sub 6 kWh","1","1","","","","","","","",""
"PYTES-V5-5-12KWH","PYTES V5, 5.12kWh","1","0","visible","","taxable","1","705","Stocare Energie > Acumulatori Low-Voltage","695","12 buc","buc","EUR","","5.12","Catalog Solar One 09.2026","Septembrie 2026","01.09.2026","30.09.2026","Brand","Pytes","1","1","Disponibilitate","În stoc","1","1","Tensiune baterie","Low Voltage","1","1","Capacitate (kWh)","sub 6 kWh","1","1","","","","","","","",""
"PYTES-V5A-5-12-KWH","PYTES V5a, 5.12 kWh","1","0","visible","","taxable","1","715","Stocare Energie > Acumulatori Low-Voltage","705","12 buc","buc","EUR","","5.12","Catalog Solar One 09.2026","Septembrie 2026","01.09.2026","30.09.2026","Brand","Pytes","1","1","Disponibilitate","În stoc","1","1","Tensiune baterie","Low Voltage","1","1","Capacitate (kWh)","sub 6 kWh","1","1","","","","","","","",""
"PYTES-V12-11-776KWH-CU-INCALZIRE-IP66","PYTES V12 - 11.776kWh, cu încălzire, IP66","1","0","visible","","taxable","1","1400","Stocare Energie > Acumulatori Low-Voltage","","","buc","EUR","","11.776","Catalog Solar One 09.2026","Septembrie 2026","01.09.2026","30.09.2026","Brand","Pytes","1","1","Disponibilitate","În stoc","1","1","Tensiune baterie","Low Voltage","1","1","Capacitate (kWh)","6 - 15 kWh","1","1","Protecție IP","IP66","1","1","Încălzire","Da","1","1"
"PYTES-V15-14-34KWH","PYTES V15, 14.34kWh","1","0","visible","","taxable","1","1500","Stocare Energie > Acumulatori Low-Voltage","","","buc","EUR","","14.34","Catalog Solar One 09.2026","Septembrie 2026","01.09.2026","30.09.2026","Brand","Pytes","1","1","Disponibilitate","În stoc","1","1","Tensiune baterie","Low Voltage","1","1","Capacitate (kWh)","6 - 15 kWh","1","1","","","","","","","",""
"LICHIDARE-STOC-PYTES-V16-16KWH-CU-INCALZIRE-IP66","LICHIDARE STOC - PYTES V16 - 16kWh, cu încălzire, IP66","1","0","visible","","taxable","1","1590","Stocare Energie > Acumulatori Low-Voltage","","","buc","EUR","","16","Catalog Solar One 09.2026","Septembrie 2026","01.09.2026","30.09.2026","Disponibilitate","Lichidare stoc","1","1","Tensiune baterie","Low Voltage","1","1","Capacitate (kWh)","15 - 30 kWh","1","1","Protecție IP","IP66","1","1","Încălzire","Da","1","1","","","",""
"FLA48230-EU","FELICITY FLA48230-EU, 11.8kWh","1","0","visible","","taxable","1","1280","Stocare Energie > Acumulatori Low-Voltage","1250","12 buc","buc","EUR","","11.8","Catalog Solar One 09.2026","Septembrie 2026","01.09.2026","30.09.2026","Brand","Felicity","1","1","Disponibilitate","În stoc","1","1","Tensiune baterie","Low Voltage","1","1","Capacitate (kWh)","6 - 15 kWh","1","1","","","","","","","",""
"FLB48230WG1-H","Felicity FLB48230WG1-H, 11.7kWh, cu încălzire, IP65","1","0","visible","","taxable","1","1300","Stocare Energie > Acumulatori Low-Voltage","1280","12 buc","buc","EUR","","11.7","Catalog Solar One 09.2026","Septembrie 2026","01.09.2026","30.09.2026","Brand","Felicity","1","1","Disponibilitate","În stoc","1","1","Tensiune baterie","Low Voltage","1","1","Capacitate (kWh)","6 - 15 kWh","1","1","Protecție IP","IP65","1","1","Încălzire","Da","1","1"
"FLA48314-EU","FELICITY FLA48314-EU, 16kWh","1","0","visible","","taxable","1","1475","Stocare Energie > Acumulatori Low-Voltage","1450","12 buc","buc","EUR","","16","Catalog Solar One 09.2026","Septembrie 2026","01.09.2026","30.09.2026","Brand","Felicity","1","1","Disponibilitate","În stoc","1","1","Tensiune baterie","Low Voltage","1","1","Capacitate (kWh)","15 - 30 kWh","1","1","","","","","","","",""
"FLB48314TG1-H","FELICITY FLB48314TG1-H - 16kWh, cu încălzire, IP65","1","1","visible","","taxable","1","1475","Stocare Energie > Acumulatori Low-Voltage","1450","12 buc","buc","EUR","","16","Catalog Solar One 09.2026","Septembrie 2026","01.09.2026","30.09.2026","Brand","Felicity","1","1","Disponibilitate","În stoc","1","1","Tensiune baterie","Low Voltage","1","1","Capacitate (kWh)","15 - 30 kWh","1","1","Protecție IP","IP65","1","1","Încălzire","Da","1","1"
"FLA48460TG2-EU","FELICITY FLA48460TG2-EU, 23.5kWh","1","0","visible","","taxable","1","2399","Stocare Energie > Acumulatori Low-Voltage","2370","12 buc","buc","EUR","","23.5","Catalog Solar One 09.2026","Septembrie 2026","01.09.2026","30.09.2026","Brand","Felicity","1","1","Disponibilitate","În stoc","1","1","Tensiune baterie","Low Voltage","1","1","Capacitate (kWh)","15 - 30 kWh","1","1","","","","","","","",""
"DYNESS-POWERBOX-G2-10-24KWH","DYNESS POWERBOX G2, 10.24kWh","1","0","visible","","taxable","1","1290","Stocare Energie > Acumulatori Low-Voltage","","","buc","EUR","","10.24","Catalog Solar One 09.2026","Septembrie 2026","01.09.2026","30.09.2026","Brand","Dyness","1","1","Disponibilitate","În stoc","1","1","Tensiune baterie","Low Voltage","1","1","Capacitate (kWh)","6 - 15 kWh","1","1","","","","","","","",""
"DYNESS-POWERBRICK-PLUS-16-07KWH-CU-INCALZIRE-IP65","DYNESS PowerBrick Plus - 16.07kWh, cu încălzire, IP65","1","0","visible","","taxable","1","1724","Stocare Energie > Acumulatori Low-Voltage","1699","12 buc","buc","EUR","","16.07","Catalog Solar One 09.2026","Septembrie 2026","01.09.2026","30.09.2026","Brand","Dyness","1","1","Disponibilitate","În stoc","1","1","Tensiune baterie","Low Voltage","1","1","Capacitate (kWh)","15 - 30 kWh","1","1","Protecție IP","IP65","1","1","Încălzire","Da","1","1"
"M16S200BL-V1","PCENERSYS M16S200BL-V1, 10.24kWh","1","0","visible","","taxable","1","1150","Stocare Energie > Acumulatori Low-Voltage","","","buc","EUR","","10.24","Catalog Solar One 09.2026","Septembrie 2026","01.09.2026","30.09.2026","Brand","PCEnersys","1","1","Disponibilitate","În stoc","1","1","Tensiune baterie","Low Voltage","1","1","Capacitate (kWh)","6 - 15 kWh","1","1","","","","","","","",""
"LV51200H","Hailei LV51200H, 10.24kWh","1","0","visible","","taxable","1","1120","Stocare Energie > Acumulatori Low-Voltage","","","buc","EUR","","10.24","Catalog Solar One 09.2026","Septembrie 2026","01.09.2026","30.09.2026","Brand","Hailei","1","1","Disponibilitate","În stoc","1","1","Tensiune baterie","Low Voltage","1","1","Capacitate (kWh)","6 - 15 kWh","1","1","","","","","","","",""
"SPF5000","GROWATT SPF5000 ES","1","0","visible","","taxable","1","355","Invertoare > Off-Grid","","","buc","EUR","","","Catalog Solar One 09.2026","Septembrie 2026","01.09.2026","30.09.2026","Brand","Growatt","1","1","Disponibilitate","Lichidare stoc","1","1","Tip invertor","Off-Grid","1","1","","","","","","","","","","","",""
"SPF6000","GROWATT SPF6000 ES PLUS","1","0","visible","","taxable","1","360","Invertoare > Off-Grid","","","buc","EUR","","","Catalog Solar One 09.2026","Septembrie 2026","01.09.2026","30.09.2026","Brand","Growatt","1","1","Disponibilitate","Lichidare stoc","1","1","Tip invertor","Off-Grid","1","1","","","","","","","","","","","",""
"GROWATT-SPH-5000TL-BL-UP","GROWATT SPH 5000TL BL-UP","1","0","visible","","taxable","1","700","Invertoare > Hibride Monofazate","","","buc","EUR","","","Catalog Solar One 09.2026","Septembrie 2026","01.09.2026","30.09.2026","Brand","Growatt","1","1","Disponibilitate","Lichidare stoc","1","1","Faze","Monofazat","1","1","Tip invertor","Hibrid","1","1","Tensiune baterie","Low Voltage","1","1","","","",""
"GROWATT-SPH-10000TL-HU","GROWATT SPH 10000TL-HU","1","0","visible","","taxable","1","1200","Invertoare > Hibride Monofazate","","","buc","EUR","","","Catalog Solar One 09.2026","Septembrie 2026","01.09.2026","30.09.2026","Brand","Growatt","1","1","Disponibilitate","Lichidare stoc","1","1","Faze","Monofazat","1","1","Tip invertor","Hibrid","1","1","Tensiune baterie","Low Voltage","1","1","","","",""
"GROWATT-SPH-8000-TL3-BH-UP","GROWATT SPH 8000 TL3-BH-UP","1","0","visible","","taxable","1","999","Invertoare > Hibride Trifazate","","","buc","EUR","","","Catalog Solar One 09.2026","Septembrie 2026","01.09.2026","30.09.2026","Brand","Growatt","1","1","Disponibilitate","Lichidare stoc","1","1","Putere (kW)","8","1","1","Faze","Trifazat","1","1","Tip invertor","Hibrid","1","1","Tensiune baterie","High Voltage","1","1"
"GROWATT-SPH-10000-TL3-BH-UP","GROWATT SPH 10000 TL3-BH-UP","1","0","visible","","taxable","1","1050","Invertoare > Hibride Trifazate","","","buc","EUR","","","Catalog Solar One 09.2026","Septembrie 2026","01.09.2026","30.09.2026","Brand","Growatt","1","1","Disponibilitate","Lichidare stoc","1","1","Putere (kW)","10","1","1","Faze","Trifazat","1","1","Tip invertor","Hibrid","1","1","Tensiune baterie","High Voltage","1","1"
"GROWATT-WIT-15K-X-HU","GROWATT WIT 15K-X-HU","1","0","visible","","taxable","1","1390","Invertoare > Hibride Trifazate","","","buc","EUR","","","Catalog Solar One 09.2026","Septembrie 2026","01.09.2026","30.09.2026","Brand","Growatt","1","1","Disponibilitate","Lichidare stoc","1","1","Putere (kW)","15","1","1","Faze","Trifazat","1","1","Tip invertor","Hibrid","1","1","Tensiune baterie","High Voltage","1","1"
"AXE-5-0L-C1","AXE 5.0L-C1","1","0","visible","","taxable","1","790","Stocare Energie > Acumulatori Low-Voltage","750","12 buc","buc","EUR","","","Catalog Solar One 09.2026","Septembrie 2026","01.09.2026","30.09.2026","Brand","Growatt","1","1","Disponibilitate","Lichidare stoc","1","1","Tensiune baterie","Low Voltage","1","1","","","","","","","","","","","",""
"BAZA-SI-CABLURI-CONEXIUNE-PENTRU-GROWATT-AXE-5-0L","Bază și cabluri conexiune pentru Growatt AXE 5.0L","1","0","visible","","taxable","1","60","Stocare Energie > Accesorii Stocare","55","12 buc","buc","EUR","","","Catalog Solar One 09.2026","Septembrie 2026","01.09.2026","30.09.2026","Brand","Growatt","1","1","Disponibilitate","Lichidare stoc","1","1","Tensiune baterie","Low Voltage","1","1","","","","","","","","","","","",""
"HOPE-5-0L-B1","HOPE 5.0L-B1","1","0","visible","","taxable","1","610","Stocare Energie > Acumulatori Low-Voltage","600","12 buc","buc","EUR","","","Catalog Solar One 09.2026","Septembrie 2026","01.09.2026","30.09.2026","Brand","Growatt","1","1","Disponibilitate","Lichidare stoc","1","1","Tensiune baterie","Low Voltage","1","1","","","","","","","","","","","",""
"HOPE-16-0LM-A1","HOPE 16.0LM-A1","1","1","visible","","taxable","1","1450","Stocare Energie > Acumulatori Low-Voltage","","","buc","EUR","","","Catalog Solar One 09.2026","Septembrie 2026","01.09.2026","30.09.2026","Brand","Growatt","1","1","Disponibilitate","Lichidare stoc","1","1","Tensiune baterie","Low Voltage","1","1","","","","","","","","","","","",""
"GROWATT-THOR-03AS-S","GROWATT THOR 03AS-S","1","0","visible","","taxable","1","299","Stații de Încărcare Auto","","","buc","EUR","","","Catalog Solar One 09.2026","Septembrie 2026","01.09.2026","30.09.2026","Brand","Growatt","1","1","Disponibilitate","Lichidare stoc","1","1","","","","","","","","","","","","","","","",""
"GROWATT-SPM-C-MONOFAZAT","GROWATT SPM-C, monofazat","1","0","visible","","taxable","1","70","Monitorizare & Smart Devices > Smart Meters","","","buc","EUR","","","Catalog Solar One 09.2026","Septembrie 2026","01.09.2026","30.09.2026","Brand","Growatt","1","1","Disponibilitate","Lichidare stoc","1","1","","","","","","","","","","","","","","","",""
"GROWATT-TPM-C-TRIFAZAT","GROWATT TPM-C, trifazat","1","0","visible","","taxable","1","110","Monitorizare & Smart Devices > Smart Meters","","","buc","EUR","","","Catalog Solar One 09.2026","Septembrie 2026","01.09.2026","30.09.2026","Brand","Growatt","1","1","Disponibilitate","Lichidare stoc","1","1","","","","","","","","","","","","","","","",""
"S6-EH1P6K-L-PLUS","Solis S6-EH1P6K-L-PLUS, monofazat","1","0","visible","","taxable","1","685","Invertoare > Hibride Monofazate","","","buc","EUR","","","Catalog Solar One 09.2026","Septembrie 2026","01.09.2026","30.09.2026","Brand","Solis","1","1","Disponibilitate","În stoc","1","1","Putere (kW)","6","1","1","Tip invertor","Hibrid","1","1","Tensiune baterie","Low Voltage","1","1","","","",""
"JS3PL15K","Solis/Pytes JS3PL15K, 15kW trifazat + SMART METER","1","0","visible","","taxable","1","1490","Invertoare > Hibride Monofazate","","","buc","EUR","","","Catalog Solar One 09.2026","Septembrie 2026","01.09.2026","30.09.2026","Brand","Solis","1","1","Disponibilitate","În stoc","1","1","Putere (kW)","15","1","1","Tip invertor","Hibrid","1","1","Tensiune baterie","Low Voltage","1","1","","","",""
"PB-068.1","Sistem de montaj panouri fotovoltaice PB-068.1, montare acoperis plat","1","0","visible","Preț la cerere. Contactați-ne pentru ofertă personalizată.","taxable","1","","Sisteme de Montaj > Structuri Acoperiș Plat","","","buc","EUR","","","Catalog Solar One 09.2026","Septembrie 2026","01.09.2026","30.09.2026","Disponibilitate","La comandă","1","1","Tip acoperiș","Acoperiș plat","1","1","","","","","","","","","","","","","","","",""
"PB-062.1","Sistem de montaj panouri fotovoltaice PB-062.1, montare acoperis plat","1","0","visible","Preț la cerere. Contactați-ne pentru ofertă personalizată.","taxable","1","","Sisteme de Montaj > Structuri Acoperiș Plat","","","buc","EUR","","","Catalog Solar One 09.2026","Septembrie 2026","01.09.2026","30.09.2026","Disponibilitate","La comandă","1","1","Tip acoperiș","Acoperiș plat","1","1","","","","","","","","","","","","","","","",""
"PB-098","Sistem de montaj panouri fotovoltaice PB-098, montare acoperis plat","1","0","visible","","taxable","1","54.76","Sisteme de Montaj > Structuri Acoperiș Plat","48.99","12 buc","buc","EUR","","","Catalog Solar One 09.2026","Septembrie 2026","01.09.2026","30.09.2026","Disponibilitate","În stoc","1","1","Tip acoperiș","Acoperiș plat","1","1","","","","","","","","","","","","","","","",""
"PB-096","Sistem de montaj panouri fotovoltaice PB-096, montare acoperis plat","1","0","visible","","taxable","1","117.32","Sisteme de Montaj > Structuri Acoperiș Plat","104.98","12 buc","buc","EUR","","","Catalog Solar One 09.2026","Septembrie 2026","01.09.2026","30.09.2026","Disponibilitate","În stoc","1","1","Tip acoperiș","Acoperiș plat","1","1","","","","","","","","","","","","","","","",""
"PB-092.2","Sistem de montaj panouri fotovoltaice click-in, PB-092.2 1 SET L2818 25DGE Orizontal","1","0","visible","","taxable","1","129.15","Sisteme de Montaj > Structuri Acoperiș Plat","115.56","12 buc","buc","EUR","","","Catalog Solar One 09.2026","Septembrie 2026","01.09.2026","30.09.2026","Disponibilitate","În stoc","1","1","Tip acoperiș","Acoperiș plat","1","1","","","","","","","","","","","","","","","",""
"PB-094","Sistem de montaj panouri fotovoltaice click-in, PB-094 1 SET L2818 15DGE Orizontal","1","0","visible","","taxable","1","129.15","Sisteme de Montaj > Structuri Acoperiș Plat","115.56","12 buc","buc","EUR","","","Catalog Solar One 09.2026","Septembrie 2026","01.09.2026","30.09.2026","Disponibilitate","În stoc","1","1","Tip acoperiș","Acoperiș plat","1","1","","","","","","","","","","","","","","","",""
"L2200","Paravant L2200 (2200x304x0,5)","1","0","visible","","taxable","1","17.03","Sisteme de Montaj > Cleme și Accesorii","15.25","12 buc","buc","EUR","","","Catalog Solar One 09.2026","Septembrie 2026","01.09.2026","30.09.2026","Disponibilitate","În stoc","1","1","","","","","","","","","","","","","","","","","","","",""
"L2350","Paravant L2350 (2350x304x0,5)","1","0","visible","","taxable","1","21.5","Sisteme de Montaj > Cleme și Accesorii","16.02","12 buc","buc","EUR","","","Catalog Solar One 09.2026","Septembrie 2026","01.09.2026","30.09.2026","Disponibilitate","În stoc","1","1","","","","","","","","","","","","","","","","","","","",""
"SISTEM-DE-MONTAJ-PENTRU-ACOPERIS-METALIC-CU-SUPORT-U-SI-CLEMA-CA","Sistem de montaj pentru acoperiș metalic cu suport U și clemă capăt","1","0","visible","","taxable","1","4.36","Sisteme de Montaj > Structuri Acoperiș Metalic","3.85","12 buc","buc","EUR","","","Catalog Solar One 09.2026","Septembrie 2026","01.09.2026","30.09.2026","Disponibilitate","În stoc","1","1","Tip acoperiș","Tablă","1","1","","","","","","","","","","","","","","","",""
"SISTEM-DE-MONTAJ-PENTRU-ACOPERIS-METALIC-CU-SUPORT-U-SI-CLEMA-MI","Sistem de montaj pentru acoperiș metalic cu suport U și clemă mijloc","1","0","visible","","taxable","1","4.36","Sisteme de Montaj > Structuri Acoperiș Metalic","3.85","12 buc","buc","EUR","","","Catalog Solar One 09.2026","Septembrie 2026","01.09.2026","30.09.2026","Disponibilitate","În stoc","1","1","Tip acoperiș","Tablă","1","1","","","","","","","","","","","","","","","",""
"SINA-DE-MONTARE-TRAPEZOIDALA-ISO-290MM","Șină de montare trapezoidală ISO 290mm","1","0","visible","","taxable","1","2.8","Sisteme de Montaj > Structuri Acoperiș Metalic","2.7","12 buc","buc","EUR","","","Catalog Solar One 09.2026","Septembrie 2026","01.09.2026","30.09.2026","Disponibilitate","În stoc","1","1","Tip acoperiș","Tablă","1","1","","","","","","","","","","","","","","","",""
"SINA-DE-MONTARE-TRAPEZOIDALA-ISO-540MM","Șină de montare trapezoidală ISO 540mm","1","0","visible","","taxable","1","4.3","Sisteme de Montaj > Structuri Acoperiș Metalic","4.2","12 buc","buc","EUR","","","Catalog Solar One 09.2026","Septembrie 2026","01.09.2026","30.09.2026","Disponibilitate","În stoc","1","1","Tip acoperiș","Tablă","1","1","","","","","","","","","","","","","","","",""
"SINA-PROFIL-ALUMINIU-MINI-RAIL-380MM","Șină profil aluminiu Mini Rail 380mm","1","0","visible","","taxable","1","3.42","Sisteme de Montaj > Șine și Profile","3.02","12 buc","buc","EUR","","","Catalog Solar One 09.2026","Septembrie 2026","01.09.2026","30.09.2026","Disponibilitate","În stoc","1","1","","","","","","","","","","","","","","","","","","","",""
"SINA-ALUMINIU-ISO-4300-MM-TRAPEZOIDALA","Șină aluminiu ISO 4300 mm – trapezoidală","1","0","visible","","taxable","1","20.63","Sisteme de Montaj > Structuri Acoperiș Metalic","19.9","12 buc","buc","EUR","","","Catalog Solar One 09.2026","Septembrie 2026","01.09.2026","30.09.2026","Disponibilitate","În stoc","1","1","Tip acoperiș","Tablă","1","1","","","","","","","","","","","","","","","",""
"SINA-ALUMINIU-ISO-4300-MM-TRAPEZOIDALA-INALTA-LA-60MM","Șină aluminiu ISO 4300 mm – trapezoidală, înaltă la 60mm","1","0","visible","","taxable","1","36.6","Sisteme de Montaj > Structuri Acoperiș Metalic","","","buc","EUR","","","Catalog Solar One 09.2026","Septembrie 2026","01.09.2026","30.09.2026","Disponibilitate","În stoc","1","1","Tip acoperiș","Tablă","1","1","","","","","","","","","","","","","","","",""
"SINA-ALUMINIU-ISO-CU-PRINDERE-LATERALA-LA-2-4-M","Șină aluminiu ISO cu prindere laterală la 2,4 m","1","0","visible","","taxable","1","12.93","Sisteme de Montaj > Șine și Profile","11.99","12 buc","buc","EUR","","","Catalog Solar One 09.2026","Septembrie 2026","01.09.2026","30.09.2026","Disponibilitate","În stoc","1","1","","","","","","","","","","","","","","","","","","","",""
"SINA-ALUMINIU-ISO-CU-PRINDERE-LATERALA-LA-3-5-M","Șină aluminiu ISO cu prindere laterală la 3.5 m","1","0","visible","","taxable","1","18","Sisteme de Montaj > Șine și Profile","17","12 buc","buc","EUR","","","Catalog Solar One 09.2026","Septembrie 2026","01.09.2026","30.09.2026","Disponibilitate","În stoc","1","1","","","","","","","","","","","","","","","","","","","",""
"SUPORT-U-PENTRU-ACOPERIS-METALIC","Suport U pentru acoperiș metalic","1","0","visible","","taxable","1","1.87","Sisteme de Montaj > Structuri Acoperiș Metalic","1.65","12 buc","buc","EUR","","","Catalog Solar One 09.2026","Septembrie 2026","01.09.2026","30.09.2026","Disponibilitate","În stoc","1","1","Tip acoperiș","Tablă","1","1","","","","","","","","","","","","","","","",""
"CARLIG-MONTAJ-TIGLA-AJUSTABIL-3-POZITII-ALUMINIU-IOS","Cârlig montaj țiglă ajustabil, 3 poziții, aluminiu IOS","1","0","visible","","taxable","1","7.94","Sisteme de Montaj > Structuri Țiglă","6.99","12 buc","buc","EUR","","","Catalog Solar One 09.2026","Septembrie 2026","01.09.2026","30.09.2026","Disponibilitate","În stoc","1","1","Tip acoperiș","Țiglă","1","1","","","","","","","","","","","","","","","",""
"SURUB-ISO-CU-DUBLU-FILET-HANGERBOARD-PLACA-MONTAJ","Surub ISO cu dublu filet Hangerboard + placa montaj","1","0","visible","","taxable","1","3.99","Sisteme de Montaj > Cleme și Accesorii","3.79","12 buc","buc","EUR","","","Catalog Solar One 09.2026","Septembrie 2026","01.09.2026","30.09.2026","Disponibilitate","În stoc","1","1","","","","","","","","","","","","","","","","","","","",""
"CONECTOR-PENTRU-SINA","Conector pentru șină","1","0","visible","","taxable","1","2.96","Sisteme de Montaj > Cleme și Accesorii","2.61","12 buc","buc","EUR","","","Catalog Solar One 09.2026","Septembrie 2026","01.09.2026","30.09.2026","Disponibilitate","În stoc","1","1","","","","","","","","","","","","","","","","","","","",""
"CLEMA-DE-CAPAT","Clemă de capăt","1","0","visible","","taxable","1","1.46","Sisteme de Montaj > Cleme și Accesorii","1.28","12 buc","buc","EUR","","","Catalog Solar One 09.2026","Septembrie 2026","01.09.2026","30.09.2026","Disponibilitate","În stoc","1","1","","","","","","","","","","","","","","","","","","","",""
"CLEMA-DE-MIJLOC","Clemă de mijloc","1","0","visible","","taxable","1","1.46","Sisteme de Montaj > Cleme și Accesorii","1.28","12 buc","buc","EUR","","","Catalog Solar One 09.2026","Septembrie 2026","01.09.2026","30.09.2026","Disponibilitate","În stoc","1","1","","","","","","","","","","","","","","","","","","","",""
"2004393","Single Rail 36 - Șină montaj 4800 mm - 2004393","1","0","visible","","taxable","1","27.64","Sisteme de Montaj > K2 Systems","","","buc","EUR","","","Catalog Solar One 09.2026","Septembrie 2026","01.09.2026","30.09.2026","Brand","K2 Systems","1","1","Disponibilitate","În stoc","1","1","","","","","","","","","","","","","","","",""
"2004211","Mini Rail Șină scurtă 385 mm + 4 șuruburi - 2004211","1","0","visible","","taxable","1","4.9","Sisteme de Montaj > K2 Systems","","","buc","EUR","","","Catalog Solar One 09.2026","Septembrie 2026","01.09.2026","30.09.2026","Brand","K2 Systems","1","1","Disponibilitate","În stoc","1","1","","","","","","","","","","","","","","","",""
"2003215","Cârlig pentru țiglă ceramică SingleHook 3S Single Rail - 2003215","1","0","visible","","taxable","1","6.47","Sisteme de Montaj > K2 Systems","","","buc","EUR","","","Catalog Solar One 09.2026","Septembrie 2026","01.09.2026","30.09.2026","Brand","K2 Systems","1","1","Disponibilitate","În stoc","1","1","Tip acoperiș","Țiglă","1","1","","","","","","","","","","","",""
"2002514","Clemă de capăt universală Single Rail, Solid Rail, Base Rail - 2002514","1","0","visible","","taxable","1","1.49","Sisteme de Montaj > K2 Systems","","","buc","EUR","","","Catalog Solar One 09.2026","Septembrie 2026","01.09.2026","30.09.2026","Brand","K2 Systems","1","1","Disponibilitate","În stoc","1","1","","","","","","","","","","","","","","","",""
"2003191","Basic Rail Înălțător Șină - 2003191","1","0","visible","","taxable","1","4.19","Sisteme de Montaj > K2 Systems","","","buc","EUR","","","Catalog Solar One 09.2026","Septembrie 2026","01.09.2026","30.09.2026","Brand","K2 Systems","1","1","Disponibilitate","În stoc","1","1","","","","","","","","","","","","","","","",""
"1003558","Basic Rail-Blocator șină trapezidală - 1003558","1","0","visible","","taxable","1","1.98","Sisteme de Montaj > K2 Systems","","","buc","EUR","","","Catalog Solar One 09.2026","Septembrie 2026","01.09.2026","30.09.2026","Brand","K2 Systems","1","1","Disponibilitate","În stoc","1","1","Tip acoperiș","Tablă","1","1","","","","","","","","","","","",""
"1003571","Basic Rail-Conector șină - 1003571","1","0","visible","","taxable","1","1.07","Sisteme de Montaj > K2 Systems","","","buc","EUR","","","Catalog Solar One 09.2026","Septembrie 2026","01.09.2026","30.09.2026","Brand","K2 Systems","1","1","Disponibilitate","În stoc","1","1","","","","","","","","","","","","","","","",""
"1001164","Basic Rail-Suport fixare pe tablă trapezidală - 1001164","1","0","visible","","taxable","1","0.54","Sisteme de Montaj > K2 Systems","","","buc","EUR","","","Catalog Solar One 09.2026","Septembrie 2026","01.09.2026","30.09.2026","Brand","K2 Systems","1","1","Disponibilitate","În stoc","1","1","Tip acoperiș","Tablă","1","1","","","","","","","","","","","",""
"1005193","Șurub autofiletant pentru tablă 6x38 mm - 1005193","1","0","visible","","taxable","1","0.36","Sisteme de Montaj > K2 Systems","","","buc","EUR","","","Catalog Solar One 09.2026","Septembrie 2026","01.09.2026","30.09.2026","Brand","K2 Systems","1","1","Disponibilitate","În stoc","1","1","Tip acoperiș","Tablă","1","1","","","","","","","","","","","",""
"1004767","Single Rail-Capac plastic - 1004767","1","0","visible","","taxable","1","0.36","Sisteme de Montaj > K2 Systems","","","buc","EUR","","","Catalog Solar One 09.2026","Septembrie 2026","01.09.2026","30.09.2026","Brand","K2 Systems","1","1","Disponibilitate","În stoc","1","1","","","","","","","","","","","","","","","",""
"2001976","Single Rail-Conector Șină - 2001976","1","0","visible","","taxable","1","3.95","Sisteme de Montaj > K2 Systems","","","buc","EUR","","","Catalog Solar One 09.2026","Septembrie 2026","01.09.2026","30.09.2026","Brand","K2 Systems","1","1","Disponibilitate","În stoc","1","1","","","","","","","","","","","","","","","",""
"2003274","Șurub cu dublu filet Single Rail - 2003274","1","0","visible","","taxable","1","3.86","Sisteme de Montaj > K2 Systems","","","buc","EUR","","","Catalog Solar One 09.2026","Septembrie 2026","01.09.2026","30.09.2026","Brand","K2 Systems","1","1","Disponibilitate","În stoc","1","1","","","","","","","","","","","","","","","",""
"2004112","Șurub autoforant pentru lemn 8 x 100 mm (pt cârlig țiglă) - 2004112","1","0","visible","","taxable","1","0.44","Sisteme de Montaj > K2 Systems","","","buc","EUR","","","Catalog Solar One 09.2026","Septembrie 2026","01.09.2026","30.09.2026","Brand","K2 Systems","1","1","Disponibilitate","În stoc","1","1","Tip acoperiș","Țiglă","1","1","","","","","","","","","","","",""
"2003083","Suport prindere șină pentru tablă fălțuită Single Rail - 2003083","1","0","visible","","taxable","1","6.41","Sisteme de Montaj > K2 Systems","","","buc","EUR","","","Catalog Solar One 09.2026","Septembrie 2026","01.09.2026","30.09.2026","Brand","K2 Systems","1","1","Disponibilitate","În stoc","1","1","Tip acoperiș","Tablă","1","1","","","","","","","","","","","",""
"2002870","Colier plastic pentru cabluri - 2002870","1","0","visible","","taxable","1","0.22","Sisteme de Montaj > K2 Systems","","","buc","EUR","","","Catalog Solar One 09.2026","Septembrie 2026","01.09.2026","30.09.2026","Brand","K2 Systems","1","1","Disponibilitate","În stoc","1","1","","","","","","","","","","","","","","","",""
"2003243","Dome 6.10 suport inferior pentru terasă (10 grade înclinație) - 2003243","1","0","visible","","taxable","1","1.4","Sisteme de Montaj > K2 Systems","","","buc","EUR","","","Catalog Solar One 09.2026","Septembrie 2026","01.09.2026","30.09.2026","Brand","K2 Systems","1","1","Disponibilitate","În stoc","1","1","Tip acoperiș","Acoperiș plat","1","1","","","","","","","","","","","",""
"2004125","Dome 6.10 suport superior pentru terasă (10 grade înclinație) - 2004125","1","0","visible","","taxable","1","3.3","Sisteme de Montaj > K2 Systems","","","buc","EUR","","","Catalog Solar One 09.2026","Septembrie 2026","01.09.2026","30.09.2026","Brand","K2 Systems","1","1","Disponibilitate","În stoc","1","1","Tip acoperiș","Acoperiș plat","1","1","","","","","","","","","","","",""
"2004175","Dome 6.15 suport inferior pentru terasă (15 grade înclinație) - 2004175","1","0","visible","","taxable","1","1.63","Sisteme de Montaj > K2 Systems","","","buc","EUR","","","Catalog Solar One 09.2026","Septembrie 2026","01.09.2026","30.09.2026","Brand","K2 Systems","1","1","Disponibilitate","În stoc","1","1","Tip acoperiș","Acoperiș plat","1","1","","","","","","","","","","","",""
"2004174","Dome 6.15 suport superior pentru terasă (15 grade înclinație) - 2004174","1","0","visible","","taxable","1","4.65","Sisteme de Montaj > K2 Systems","","","buc","EUR","","","Catalog Solar One 09.2026","Septembrie 2026","01.09.2026","30.09.2026","Brand","K2 Systems","1","1","Disponibilitate","În stoc","1","1","Tip acoperiș","Acoperiș plat","1","1","","","","","","","","","","","",""
"2003250","Dome Paravânt Lung 1779-2150 mm - 2003250","1","0","visible","","taxable","1","10.36","Sisteme de Montaj > K2 Systems","","","buc","EUR","","","Catalog Solar One 09.2026","Septembrie 2026","01.09.2026","30.09.2026","Brand","K2 Systems","1","1","Disponibilitate","În stoc","1","1","","","","","","","","","","","","","","","",""
"DOME-PARAVANT-SCURT-1448-1779-MM","Dome Paravânt Scurt 1448 - 1779 mm","1","0","visible","","taxable","1","13.22","Sisteme de Montaj > K2 Systems","","","buc","EUR","","","Catalog Solar One 09.2026","Septembrie 2026","01.09.2026","30.09.2026","Brand","K2 Systems","1","1","Disponibilitate","În stoc","1","1","","","","","","","","","","","","","","","",""
"2004103","Dome Pravânt Extralung 2045 - 2398 mm - 2004103","1","0","visible","","taxable","1","14.16","Sisteme de Montaj > K2 Systems","","","buc","EUR","","","Catalog Solar One 09.2026","Septembrie 2026","01.09.2026","30.09.2026","Brand","K2 Systems","1","1","Disponibilitate","În stoc","1","1","","","","","","","","","","","","","","","",""
"2003126","Dome Suport protecție - 2003126","1","0","visible","","taxable","1","2.58","Sisteme de Montaj > K2 Systems","","","buc","EUR","","","Catalog Solar One 09.2026","Septembrie 2026","01.09.2026","30.09.2026","Brand","K2 Systems","1","1","Disponibilitate","În stoc","1","1","","","","","","","","","","","","","","","",""
"2002559","Dome-Clemă de capăt 30-50 mm - 2002559","1","0","visible","","taxable","1","1.29","Sisteme de Montaj > K2 Systems","","","buc","EUR","","","Catalog Solar One 09.2026","Septembrie 2026","01.09.2026","30.09.2026","Brand","K2 Systems","1","1","Disponibilitate","În stoc","1","1","","","","","","","","","","","","","","","",""
"2002558","Dome-Clemă de mijloc 30-50 mm - 2002558","1","0","visible","","taxable","1","1.29","Sisteme de Montaj > K2 Systems","","","buc","EUR","","","Catalog Solar One 09.2026","Septembrie 2026","01.09.2026","30.09.2026","Brand","K2 Systems","1","1","Disponibilitate","În stoc","1","1","","","","","","","","","","","","","","","",""
"1001643","Dome-Piuliță Nut MK2 cu clip - 1001643","1","0","visible","","taxable","1","0.58","Sisteme de Montaj > K2 Systems","","","buc","EUR","","","Catalog Solar One 09.2026","Septembrie 2026","01.09.2026","30.09.2026","Brand","K2 Systems","1","1","Disponibilitate","În stoc","1","1","","","","","","","","","","","","","","","",""
"2002300","Dome-Suport rapid pentru balast - 2002300","1","0","visible","","taxable","1","1.43","Sisteme de Montaj > K2 Systems","","","buc","EUR","","","Catalog Solar One 09.2026","Septembrie 2026","01.09.2026","30.09.2026","Brand","K2 Systems","1","1","Disponibilitate","În stoc","1","1","","","","","","","","","","","","","","","",""
"2001729","Dome-Șurub cu cap hexagonal inox M8 x 20 - 2001729","1","0","visible","","taxable","1","0.21","Sisteme de Montaj > K2 Systems","","","buc","EUR","","","Catalog Solar One 09.2026","Septembrie 2026","01.09.2026","30.09.2026","Brand","K2 Systems","1","1","Disponibilitate","În stoc","1","1","","","","","","","","","","","","","","","",""
"CABLU-SOLAR-6MM-TAMBUR-500M-ROSU","Cablu solar 6mm² Tambur 500m – Rosu","1","0","visible","","taxable","1","625","Accesorii > Cabluri Solare","","","buc","EUR","","","Catalog Solar One 09.2026","Septembrie 2026","01.09.2026","30.09.2026","Brand","Top Cable","1","1","Disponibilitate","În stoc","1","1","","","","","","","","","","","","","","","",""
"CABLU-SOLAR-6MM-TAMBUR-500M-NEGRU","Cablu solar 6mm² Tambur 500m – Negru","1","0","visible","","taxable","1","625","Accesorii > Cabluri Solare","","","buc","EUR","","","Catalog Solar One 09.2026","Septembrie 2026","01.09.2026","30.09.2026","Brand","Top Cable","1","1","Disponibilitate","În stoc","1","1","","","","","","","","","","","","","","","",""
"SET-CONECTORI-MC4-EVO2-MAMA","Set Conectori MC4 EVO2 - mamă","1","0","visible","","taxable","1","1.3","Accesorii > Conectori","","","buc","EUR","","","Catalog Solar One 09.2026","Septembrie 2026","01.09.2026","30.09.2026","Brand","Staubli","1","1","Disponibilitate","În stoc","1","1","","","","","","","","","","","","","","","",""
"SET-CONECTORI-MC4-EVO2-TATA","Set Conectori MC4 EVO2 - tată","1","0","visible","","taxable","1","1","Accesorii > Conectori","","","buc","EUR","","","Catalog Solar One 09.2026","Septembrie 2026","01.09.2026","30.09.2026","Brand","Staubli","1","1","Disponibilitate","În stoc","1","1","","","","","","","","","","","","","","","",""