"sku","fisier","sursa","titlu_magazin","verificare"
"PYTES-V5-5-12KWH","PYTES-V5-5-12KWH.webp","https://www.solarone.ro/image/cache/catalog/output_images/acumulator-pytes-litiu-lifepo4-v5-48v-5.12kwh-cu-incalzire-1000x1000.webp","Acumulator Pytes V5, 5.12kWh low-voltage, cu incalzire","titlu magazin: Acumulator Pytes V5, 5.12kWh low-voltage, cu incalzire"
"L2350","L2350.webp","https://www.solarone.ro/image/cache/catalog/output_images/paravant-lxxx-1000x1000.webp","Paravant L2350 (2350x304x0,5)","titlu magazin: Paravant L2350 (2350x304x0,5)"
"L2200","L2200.webp","https://www.solarone.ro/image/cache/catalog/output_images/paravant-lxxx-1000x1000.webp","Paravant L2200 (2200x304x0,5)","titlu magazin: Paravant L2200 (2200x304x0,5)"
"GROWATT-TPM-C-TRIFAZAT","GROWATT-TPM-C-TRIFAZAT.webp","https://www.solarone.ro/image/cache/catalog/output_images/contor-inteligent-smart-meter-growatt-trifazat-smart-power-meter-tpm-c-chint-dtsu666-1000x1000.webp","Contor inteligent (Smart meter) Growatt, trifazat Smart Power Meter TPM-C - CHiNT DTSU666","titlu magazin: Contor inteligent (Smart meter) Growatt, trifazat Smart Powe"
"GROWATT-SPM-C-MONOFAZAT","GROWATT-SPM-C-MONOFAZAT.webp","https://www.solarone.ro/image/cache/catalog/output_images/contor-inteligent-smart-meter-growatt-monofazat-5a-60a-spm-c-1000x1000.webp","Contor inteligent (Smart Meter) Growatt, monofazat, 5A ~ 60A, SPM-C","titlu magazin: Contor inteligent (Smart Meter) Growatt, monofazat, 5A ~ 60A"
"DOME-PARAVANT-SCURT-1448-1779-MM","DOME-PARAVANT-SCURT-1448-1779-MM.webp","https://www.solarone.ro/image/cache/catalog/output_images/dome-paravant-k2-lung-1448-1779-mm-1000x1000.webp","Dome Paravant K2 Scurt  1448 - 1779 mm","titlu magazin: Dome Paravant K2 Scurt  1448 - 1779 mm"
"SE-F5","SE-F5.webp","https://www.solarone.ro/image/cache/catalog/output_images/acumulator-deye-se-f5-pro-5-12_kwh-low-voltage-1000x1000.webp","Acumulator Deye SE F5 PRO, 5.12 kWh low-voltage","titlu magazin: Acumulator Deye SE F5 PRO, 5.12 kWh low-voltage"
"CONECTOR-PENTRU-SINA","CONECTOR-PENTRU-SINA.webp","https://www.solarone.ro/image/cache/catalog/output_images/conector-lateral-pentru-sina-de-acoperis-1000x1000.webp","Conector lateral pentru sina de acoperis","titlu magazin: Conector lateral pentru sina de acoperis"
"2003215","2003215.webp","https://www.solarone.ro/image/cache/catalog/output_images/carlig-pentru-tigla-ceramica-k2-singlehook-3s-single-rail-1000x1000.webp","Carlig pentru tigla ceramica K2 SingleHook 3S Single Rail","cod magazin: 2003215"
