"SKU","Published"
"2001729","-1"
"2002300","-1"
"2002558","-1"
"2002559","-1"
"DOME-PARAVANT-SCURT-1448-1779-MM","-1"
"2004174","-1"
"2004125","-1"
"2003083","-1"
"1003571","-1"
"GROWATT-THOR-03AS-S","-1"
"BAZA-SI-CABLURI-CONEXIUNE-PENTRU-GROWATT-AXE-5-0L","-1"
"AXE-5-0L-C1","-1"
"SPF5000","-1"
"SE-F16","-1"
"SE-F12","-1"
"SUN-8K-SG05LP1-EU-AM2","-1"
"UL-590M-144ADGN","-1"
"TW410MAP-M10-108-H","-1"
"JKM620N-66HL4M-BDV","-1"
"JKM425N-54HL4-V","-1"
"AIKO-A545-MCE60Dw","-1"
"AIKO-A480-MAH54Mw","-1"
"AIKO-A475-MAH54Dw","-1"
"AIKO-A470-MCE54Mb","-1"
"AIKO-A-470-MAH54Dw","-1"
"AIKO-A465-MAH54Mw","-1"
"AIKO-A455-MAH54Mw","-1"
"AIKO-A450-MAH54Mw","-1"
"CS6.2-66TM-625W","-1"
"CS6.2-66TB-615W","-1"
"CS6.2-54TM-505","-1"
